{
  "model": {
    "emission_probs": [
      [
        0.47825996639623264,
        4.830903871776217e-07,
        4.830903871776217e-07,
        0.5217381012422185,
        4.830903871776217e-07,
        4.830903871776217e-07
      ],
      [
        0.49781572624700543,
        4.366800785674797e-07,
        4.366800785674797e-07,
        4.366800785674797e-07,
        0.5021825270326802,
        4.366800785674797e-07
      ],
      [
        0.508848649074383,
        0.4911495810188114,
        4.424767013892883e-07,
        4.424767013892883e-07,
        4.424767013892883e-07,
        4.424767013892883e-07
      ],
      [
        0.49777689481716936,
        4.4444325926241975e-07,
        0.5022213274097935,
        4.4444325926241975e-07,
        4.4444325926241975e-07,
        4.4444325926241975e-07
      ],
      [
        0.49230669033838864,
        5.128189349160976e-07,
        5.128189349160976e-07,
        5.128189349160976e-07,
        5.128189349160976e-07,
        0.5076912583858716
      ],
      [
        0.9999997393118647,
        5.2137627068521257e-08,
        5.2137627068521257e-08,
        5.2137627068521257e-08,
        5.2137627068521257e-08,
        5.2137627068521257e-08
      ]
    ],
    "start_probs": [
      0.06,
      0.06,
      0.06,
      0.05,
      0.04,
      0.73
    ],
    "trans_mat": [
      [
        0.3285019463711699,
        0.173913022474331,
        0.16425121473077856,
        0.13526579150012125,
        0.10628036826946394,
        0.0917876566541353
      ],
      [
        0.15720526496437126,
        0.32314369482001354,
        0.20524007360679403,
        0.11790405789329808,
        0.1004368547505989,
        0.0960700539649241
      ],
      [
        0.11061961782402346,
        0.16814158900463097,
        0.3141589004630961,
        0.1637168219907381,
        0.14159298692127367,
        0.1017700837962377
      ],
      [
        0.11555569185148838,
        0.13777785481460936,
        0.12000012444411258,
        0.4088882429646854,
        0.13777785481460936,
        0.08000023111049481
      ],
      [
        0.16923076134124715,
        0.14358981459544226,
        0.12307705719879834,
        0.11794886784963737,
        0.3538455779110423,
        0.09230792110383249
      ],
      [
        0.007150767717018355,
        0.008800932188911268,
        0.009350987012875572,
        0.007150767717018355,
        0.007700822540982659,
        0.9598457228231937
      ]
    ]
  },
  "results": {
    "log_likelihood": -18.754393655250716,
    "states": [
      5,
      5,
      5,
      5,
      5,
      5,
      2,
      3,
      3,
      0,
      3,
      5,
      5,
      5,
      5,
      5,
      5,
      5,
      5,
      5,
      5,
      5,
      5,
      5,
      5,
      5,
      5,
      5,
      5,
      5
    ],
    "y: activities": [
      [
        -1,
        -1,
        5,
        1.0
      ],
      [
        0,
        5,
        5,
        1.0
      ],
      [
        1,
        5,
        5,
        1.0
      ],
      [
        2,
        5,
        5,
        1.0
      ],
      [
        3,
        5,
        5,
        1.0
      ],
      [
        4,
        5,
        5,
        1.0
      ],
      [
        5,
        5,
        2,
        1.0
      ],
      [
        6,
        2,
        3,
        1.0
      ],
      [
        7,
        3,
        3,
        1.0
      ],
      [
        8,
        3,
        0,
        1.0
      ],
      [
        9,
        0,
        3,
        1.0
      ],
      [
        10,
        3,
        5,
        1.0
      ],
      [
        11,
        5,
        5,
        1.0
      ],
      [
        12,
        5,
        5,
        1.0
      ],
      [
        13,
        5,
        5,
        1.0
      ],
      [
        14,
        5,
        5,
        1.0
      ],
      [
        15,
        5,
        5,
        1.0
      ],
      [
        16,
        5,
        5,
        1.0
      ],
      [
        17,
        5,
        5,
        1.0
      ],
      [
        18,
        5,
        5,
        1.0
      ],
      [
        19,
        5,
        5,
        1.0
      ],
      [
        20,
        5,
        5,
        1.0
      ],
      [
        21,
        5,
        5,
        1.0
      ],
      [
        22,
        5,
        5,
        1.0
      ],
      [
        23,
        5,
        5,
        1.0
      ],
      [
        24,
        5,
        5,
        1.0
      ],
      [
        25,
        5,
        5,
        1.0
      ],
      [
        26,
        5,
        5,
        1.0
      ],
      [
        27,
        5,
        5,
        1.0
      ],
      [
        28,
        5,
        5,
        1.0
      ],
      [
        29,
        5,
        5,
        1.0
      ],
      [
        30,
        5,
        -2,
        1.0
      ]
    ]
  }
}