{
  "model": {
    "emission_probs": [
      [
        0.2216213235949918,
        0.01081131044369021,
        0.03243285025408012,
        0.027027465301482638,
        0.6702682746605823,
        0.03783823520667759,
        5.405384952597477e-07
      ],
      [
        0.15040648258317965,
        0.7195105542382603,
        0.03252063916891293,
        0.04065069733541408,
        0.03658566825216351,
        0.020325551919161203,
        4.065029083250576e-07
      ],
      [
        0.212499695313833,
        0.018750542966374517,
        0.6874976171979247,
        0.031250488279113774,
        0.018750542966374517,
        0.031250488279113774,
        6.249972656369628e-07
      ],
      [
        0.18055537230027352,
        0.020833926501746168,
        0.02777833718863866,
        0.0069451051279611825,
        0.03472274787553115,
        0.7291638165647805,
        6.944410686892493e-07
      ],
      [
        0.19512172813896525,
        0.03658581945077063,
        0.012195679652586845,
        0.670729454203549,
        0.030488284501224684,
        0.05487842429940847,
        6.097534949545946e-07
      ],
      [
        0.17999974000182,
        0.010000929993490046,
        0.040000719994960035,
        0.05000064999545003,
        0.010000929993490046,
        0.040000719994960035,
        0.6699963100258299
      ],
      [
        0.99999970015003,
        4.997499501124613e-08,
        4.997499501124613e-08,
        4.997499501124613e-08,
        4.997499501124613e-08,
        4.997499501124613e-08,
        4.997499501124613e-08
      ]
    ],
    "start_probs": [
      0.0,
      0.17,
      0.0,
      0.0,
      0.0,
      0.0,
      0.83
    ],
    "trans_mat": [
      [
        0.5783767304664252,
        5.405384952597477e-07,
        0.0810813148274574,
        0.08648669978005487,
        0.09729746968524983,
        0.15675670416382206,
        5.405384952597477e-07
      ],
      [
        0.08943104633442099,
        0.5934946526574923,
        0.11788624991717502,
        0.07723595908466926,
        0.08943104633442099,
        0.03252063916891293,
        4.065029083250576e-07
      ],
      [
        0.15624994140650633,
        6.249972656369628e-07,
        0.5124983828195752,
        0.13750002343739745,
        0.05625037890459228,
        0.13750002343739745,
        6.249972656369628e-07
      ],
      [
        0.09027803337067111,
        6.944410686892495e-07,
        0.09027803337067111,
        0.5069426745842208,
        0.16666655092648855,
        0.14583331886581108,
        6.944410686892495e-07
      ],
      [
        0.109756238845322,
        6.097534949545947e-07,
        0.12804884369395986,
        0.08536609904713821,
        0.5548762901621762,
        0.1219513087444139,
        6.097534949545947e-07
      ],
      [
        9.999930000489996e-07,
        9.999930000489996e-07,
        9.999930000489996e-07,
        9.999930000489996e-07,
        9.999930000489996e-07,
        9.999930000489996e-07,
        0.9999940000419997
      ],
      [
        5.260387331787937e-08,
        0.04366126745771319,
        5.260387331787937e-08,
        5.260387331787937e-08,
        5.260387331787937e-08,
        5.260387331787937e-08,
        0.9563384695229202
      ]
    ]
  },
  "results": {
    "City": [
      [
        4,
        1,
        1.0
      ],
      [
        5,
        3,
        1.0
      ],
      [
        6,
        2,
        1.0
      ],
      [
        7,
        2,
        1.0
      ],
      [
        8,
        2,
        1.0
      ],
      [
        9,
        2,
        1.0
      ],
      [
        10,
        2,
        1.0
      ],
      [
        11,
        4,
        1.0
      ],
      [
        12,
        0,
        1.0
      ],
      [
        13,
        5,
        1.0
      ]
    ],
    "INFEASIBLE": [],
    "Z: start": [
      [
        0,
        12
      ],
      [
        1,
        4
      ],
      [
        2,
        6
      ],
      [
        3,
        5
      ],
      [
        4,
        11
      ],
      [
        5,
        13
      ]
    ],
    "Z: values": [
      [
        0,
        0,
        1.0
      ],
      [
        0,
        1,
        1.0
      ],
      [
        0,
        2,
        1.0
      ],
      [
        0,
        3,
        1.0
      ],
      [
        0,
        4,
        1.0
      ],
      [
        0,
        5,
        1.0
      ],
      [
        0,
        6,
        1.0
      ],
      [
        0,
        7,
        1.0
      ],
      [
        0,
        8,
        1.0
      ],
      [
        0,
        9,
        1.0
      ],
      [
        0,
        10,
        1.0
      ],
      [
        0,
        11,
        1.0
      ],
      [
        0,
        12,
        1.0
      ],
      [
        1,
        0,
        1.0
      ],
      [
        1,
        1,
        1.0
      ],
      [
        1,
        2,
        1.0
      ],
      [
        1,
        3,
        1.0
      ],
      [
        1,
        4,
        1.0
      ],
      [
        2,
        0,
        1.0
      ],
      [
        2,
        1,
        1.0
      ],
      [
        2,
        2,
        1.0
      ],
      [
        2,
        3,
        1.0
      ],
      [
        2,
        4,
        1.0
      ],
      [
        2,
        5,
        1.0
      ],
      [
        2,
        6,
        1.0
      ],
      [
        2,
        7,
        1.0
      ],
      [
        2,
        8,
        1.0
      ],
      [
        2,
        9,
        1.0
      ],
      [
        2,
        10,
        1.0
      ],
      [
        3,
        0,
        1.0
      ],
      [
        3,
        1,
        1.0
      ],
      [
        3,
        2,
        1.0
      ],
      [
        3,
        3,
        1.0
      ],
      [
        3,
        4,
        1.0
      ],
      [
        3,
        5,
        1.0
      ],
      [
        4,
        0,
        1.0
      ],
      [
        4,
        1,
        1.0
      ],
      [
        4,
        2,
        1.0
      ],
      [
        4,
        3,
        1.0
      ],
      [
        4,
        4,
        1.0
      ],
      [
        4,
        5,
        1.0
      ],
      [
        4,
        6,
        1.0
      ],
      [
        4,
        7,
        1.0
      ],
      [
        4,
        8,
        1.0
      ],
      [
        4,
        9,
        1.0
      ],
      [
        4,
        10,
        1.0
      ],
      [
        4,
        11,
        1.0
      ],
      [
        5,
        0,
        1.0
      ],
      [
        5,
        1,
        1.0
      ],
      [
        5,
        2,
        1.0
      ],
      [
        5,
        3,
        1.0
      ],
      [
        5,
        4,
        1.0
      ],
      [
        5,
        5,
        1.0
      ],
      [
        5,
        6,
        1.0
      ],
      [
        5,
        7,
        1.0
      ],
      [
        5,
        8,
        1.0
      ],
      [
        5,
        9,
        1.0
      ],
      [
        5,
        10,
        1.0
      ],
      [
        5,
        11,
        1.0
      ],
      [
        5,
        12,
        1.0
      ],
      [
        5,
        13,
        1.0
      ]
    ],
    "log_likelihood": -29.456765891095014,
    "states": [
      6,
      6,
      6,
      6,
      1,
      3,
      2,
      2,
      2,
      2,
      2,
      4,
      0,
      5,
      6,
      6,
      6,
      6,
      6,
      6,
      6,
      6,
      6,
      6,
      6,
      6,
      6,
      6,
      6,
      6
    ],