{
  "model": {
    "emission_probs": [
      [
        0.2028299906556912,
        0.047170127268447694,
        0.0377361961540693,
        0.6650926152602326,
        0.028302265039690903,
        0.018868333925312508,
        4.7169655571891976e-07
      ],
      [
        0.16517850167432513,
        0.6785697544695172,
        0.04017889229810442,
        0.04017889229810442,
        0.04017889229810442,
        0.035714620534667965,
        4.464271763436453e-07
      ],
      [
        0.23076889264711617,
        0.04945090870529618,
        0.02747297125780285,
        0.038461939981549516,
        0.04395642434342285,
        0.6098883136163762,
        5.494484361873333e-07
      ],
      [
        0.1743588612758826,
        0.04102600657330973,
        0.707690280086174,
        0.03076963313465028,
        0.02051325969599083,
        0.025641446415320557,
        5.128186719329725e-07
      ],
      [
        0.13636365702472766,
        0.05909117561898667,
        0.0227276549574615,
        0.050000295453605376,
        0.6818164669476052,
        0.050000295453605376,
        4.5454400826906465e-07
      ],
      [
        0.21999946000377996,
        0.020000859993980036,
        0.04000071999496003,
        0.04000071999496003,
        0.010000929993490044,
        0.030000789994470034,
        0.6399965200243598
      ],
      [
        0.9999996786289369,
        5.3561843870760206e-08,
        5.3561843870760206e-08,
        5.3561843870760206e-08,
        5.3561843870760206e-08,
        5.3561843870760206e-08,
        5.3561843870760206e-08
      ]
    ],
    "n_features": 7,
    "start_probs": [
      0.0,
      0.17,
      0.0,
      0.0,
      0.0,
      0.0,
      0.83
    ],
    "trans_mat": [
      [
        0.603772063016773,
        4.7169655571891976e-07,
        0.10849067951190726,
        0.08018888616877208,
        0.09433978284033967,
        0.11320764506909646,
        4.7169655571891976e-07
      ],
      [
        0.13392859933026993,
        0.5535701450932965,
        0.0982144252227783,
        0.10714296874965122,
        0.08482160993246896,
        0.022321805244358606,
        4.464271763436453e-07
      ],
      [
        0.09340678360028284,
        5.494484361873333e-07,
        0.5824158918070095,
        0.11538472104777617,
        0.10989023668590284,
        0.09890126796215618,
        5.494484361873333e-07
      ],
      [
        0.06666694016995836,
        5.128186719329725e-07,
        0.11282062064392588,
        0.5897419855415903,
        0.12820518080191506,
        0.10256424720526643,
        5.128186719329725e-07
      ],
      [
        0.10909101652858377,
        4.5454400826906465e-07,
        0.04090941528822408,
        0.0818183760324399,
        0.6181803057899361,
        0.1499999772727996,
        4.5454400826906465e-07
      ],
      [
        9.999930000489996e-07,
        9.999930000489996e-07,
        9.999930000489996e-07,
        9.999930000489996e-07,
        9.999930000489996e-07,
        9.999930000489996e-07,
        0.9999940000419997
      ],
      [
        5.65930732228912e-08,
        0.04697230736807292,
        5.65930732228912e-08,
        5.65930732228912e-08,
        5.65930732228912e-08,
        5.65930732228912e-08,
        0.953027409666561
      ]
    ]
  },
  "results": {
    "log_likelihood": -42.43819880811842,
    "states": [
      6,
      6,
      6,
      6,
      1,
      1,
      3,
      3,
      3,
      4,
      3,
      3,
      3,
      0,
      0,
      0,
      0,
      4,
      4,
      4,
      4,
      4,
      5,
      6,
      6,
      6,
      6,
      6,
      6,
      6
    ]
  }
}